{
    "features": [
        {
            "feature_id": "Crane_01",
            "feature_type": "crane",
            "position": [
                1004.9671415301124,
                -1.3826430117118464,
                0.0
            ],
            "radius": 625.2486941188919,
            "orientation": null,
            "scale": 1.0,
            "covariance": [
                [
                    0.01,
                    0.0,
                    0.0
                ],
                [
                    0.0,
                    0.01,
                    0.0
                ],
                [
                    0.0,
                    0.0,
                    0.01
                ]
            ],
            "confidence": 1.0,
            "source_map": "Warehouse",
            "timestamp": null,
            "descriptor": [
                1004.9671415301124,
                -1.3826430117118464,
                0.0,
                625.2486941188919
            ]
        },
        {
            "feature_id": "Crane_02",
            "feature_type": "crane",
            "position": [
                2715.2302985640804,
                -2.3415337472333597,
                0.0
            ],
            "radius": 842.2860332772136,
            "orientation": null,
            "scale": 1.0,
            "covariance": [
                [
                    0.01,
                    0.0,
                    0.0
                ],
                [
                    0.0,
                    0.01,
                    0.0
                ],
                [
                    0.0,
                    0.0,
                    0.01
                ]
            ],
            "confidence": 1.0,
            "source_map": "Warehouse",
            "timestamp": null,
            "descriptor": [
                2715.2302985640804,
                -2.3415337472333597,
                0.0,
                842.2860332772136
            ]
        },
        {
            "feature_id": "Forklift_01",
            "feature_type": "forklift",
            "position": [
                1635.792128155074,
                7.674347291529088,
                0.0
            ],
            "radius": 221.82485307569917,
            "orientation": null,
            "scale": 1.0,
            "covariance": [
                [
                    0.01,
                    0.0,
                    0.0
                ],
                [
                    0.0,
                    0.01,
                    0.0
                ],
                [
                    0.0,
                    0.0,
                    0.01
                ]
            ],
            "confidence": 1.0,
            "source_map": "Warehouse",
            "timestamp": null,
            "descriptor": [
                1635.792128155074,
                7.674347291529088,
                0.0,
                221.82485307569917
            ]
        },
        {
            "feature_id": "Forklift_02",
            "feature_type": "forklift",
            "position": [
                3625.4256004358595,
                -4.634176928124623,
                0.0
            ],
            "radius": 221.8622993993461,
            "orientation": null,
            "scale": 1.0,
            "covariance": [
                [
                    0.01,
                    0.0,
                    0.0
                ],
                [
                    0.0,
                    0.01,
                    0.0
                ],
                [
                    0.0,
                    0.0,
                    0.01
                ]
            ],
            "confidence": 1.0,
            "source_map": "Warehouse",
            "timestamp": null,
            "descriptor": [
                3625.4256004358595,
                -4.634176928124623,
                0.0,
                221.8622993993461
            ]
        },
        {
            "feature_id": "Rack_01",
            "feature_type": "rack",
            "position": [
                955.4196227156604,
                -2249.132802446578,
                0.0
            ],
            "radius": 253.53986596967937,
            "orientation": null,
            "scale": 1.0,
            "covariance": [
                [
                    0.01,
                    0.0,
                    0.0
                ],
                [
                    0.0,
                    0.01,
                    0.0
                ],
                [
                    0.0,
                    0.0,
                    0.01
                ]
            ],
            "confidence": 1.0,
            "source_map": "Warehouse",
            "timestamp": null,
            "descriptor": [
                955.4196227156604,
                -2249.132802446578,
                0.0,
                253.53986596967937
            ]
        },
        {
            "feature_id": "Rack_02",
            "feature_type": "rack",
            "position": [
                1614.3771247075904,
                -2240.1283112033443,
                0.0
            ],
            "radius": 273.9315176207624,
            "orientation": null,
            "scale": 1.0,
            "covariance": [
                [
                    0.01,
                    0.0,
                    0.0
                ],
                [
                    0.0,
                    0.01,
                    0.0
                ],
                [
                    0.0,
                    0.0,
                    0.01
                ]
            ],
            "confidence": 1.0,
            "source_map": "Warehouse",
            "timestamp": null,
            "descriptor": [
                1614.3771247075904,
                -2240.1283112033443,
                0.0,
                273.9315176207624
            ]
        },
        {
            "feature_id": "Rack_03",
            "feature_type": "rack",
            "position": [
                2277.919759244788,
                -2244.123037013353,
                0.0
            ],
            "radius": 285.44553198402525,
            "orientation": null,
            "scale": 1.0,
            "covariance": [
                [
                    0.01,
                    0.0,
                    0.0
                ],
                [
                    0.0,
                    0.01,
                    0.0
                ],
                [
                    0.0,
                    0.0,
                    0.01
                ]
            ],
            "confidence": 1.0,
            "source_map": "Warehouse",
            "timestamp": null,
            "descriptor": [
                2277.919759244788,
                -2244.123037013353,
                0.0,
                285.44553198402525
            ]
        },
        {
            "feature_id": "Rack_04",
            "feature_type": "rack",
            "position": [
                950.7422369951346,
                2230.675282046879,
                0.0
            ],
            "radius": 256.5415624326751,
            "orientation": null,
            "scale": 1.0,
            "covariance": [
                [
                    0.01,
                    0.0,
                    0.0
                ],
                [
                    0.0,
                    0.01,
                    0.0
                ],
                [
                    0.0,
                    0.0,
                    0.01
                ]
            ],
            "confidence": 1.0,
            "source_map": "Warehouse",
            "timestamp": null,
            "descriptor": [
                950.7422369951346,
                2230.675282046879,
                0.0,
                256.5415624326751
            ]
        },
        {
            "feature_id": "Rack_05",
            "feature_type": "rack",