{
    "features": [
        {
            "feature_id": "Crane_01",
            "feature_type": "crane",
            "position": [
                1002.4835707650561,
                -0.6913215058559232,
                0.0
            ],
            "radius": 622.0102514283884,
            "orientation": null,
            "scale": 1.0,
            "covariance": [
                [
                    0.01,
                    0.0,
                    0.0
                ],
                [
                    0.0,
                    0.01,
                    0.0
                ],
                [
                    0.0,
                    0.0,
                    0.01
                ]
            ],
            "confidence": 1.0,
            "source_map": "Warehouse",
            "timestamp": null,
            "descriptor": [
                1002.4835707650561,
                -0.6913215058559232,
                0.0,
                622.0102514283884
            ]
        },
        {
            "feature_id": "Crane_02",
            "feature_type": "crane",
            "position": [
                2707.61514928204,
                -1.1707668736166799,
                0.0
            ],
            "radius": 843.4567180619595,
            "orientation": null,
            "scale": 1.0,
            "covariance": [
                [
                    0.01,
                    0.0,
                    0.0
                ],
                [
                    0.0,
                    0.01,
                    0.0
                ],
                [
                    0.0,
                    0.0,
                    0.01
                ]
            ],
            "confidence": 1.0,
            "source_map": "Warehouse",
            "timestamp": null,
            "descriptor": [
                2707.61514928204,
                -1.1707668736166799,
                0.0,
                843.4567180619595
            ]
        },
        {
            "feature_id": "Forklift_01",
            "feature_type": "forklift",
            "position": [
                1627.896064077537,
                3.837173645764544,
                0.0
            ],
            "radius": 224.17222500537395,
            "orientation": null,
            "scale": 1.0,
            "covariance": [
                [
                    0.01,
                    0.0,
                    0.0
                ],
                [
                    0.0,
                    0.01,
                    0.0
                ],
                [
                    0.0,
                    0.0,
                    0.01
                ]
            ],
            "confidence": 1.0,
            "source_map": "Warehouse",
            "timestamp": null,
            "descriptor": [
                1627.896064077537,
                3.837173645764544,
                0.0,
                224.17222500537395
            ]
        },
        {
            "feature_id": "Forklift_02",
            "feature_type": "forklift",
            "position": [
                3622.7128002179297,
                -2.3170884640623113,
                0.0
            ],
            "radius": 224.1909481671974,
            "orientation": null,
            "scale": 1.0,
            "covariance": [
                [
                    0.01,
                    0.0,
                    0.0
                ],
                [
                    0.0,
                    0.01,
                    0.0
                ],
                [
                    0.0,
                    0.0,
                    0.01
                ]
            ],
            "confidence": 1.0,
            "source_map": "Warehouse",
            "timestamp": null,
            "descriptor": [
                3622.7128002179297,
                -2.3170884640623113,
                0.0,
                224.1909481671974
            ]
        },
        {
            "feature_id": "Rack_01",
            "feature_type": "rack",
            "position": [
                954.2098113578302,
                -2239.566401223289,
                0.0
            ],
            "radius": 262.16445513224454,
            "orientation": null,
            "scale": 1.0,
            "covariance": [
                [
                    0.01,
                    0.0,
                    0.0
                ],
                [
                    0.0,
                    0.01,
                    0.0
                ],
                [
                    0.0,
                    0.0,
                    0.01
                ]
            ],
            "confidence": 1.0,
            "source_map": "Warehouse",
            "timestamp": null,
            "descriptor": [
                954.2098113578302,
                -2239.566401223289,
                0.0,
                262.16445513224454
            ]
        },
        {
            "feature_id": "Rack_02",
            "feature_type": "rack",
            "position": [
                1617.188562353795,
                -2235.064155601672,
                0.0
            ],
            "radius": 272.3602809577861,
            "orientation": null,
            "scale": 1.0,
            "covariance": [
                [
                    0.01,
                    0.0,
                    0.0
                ],
                [
                    0.0,
                    0.01,
                    0.0
                ],
                [
                    0.0,
                    0.0,
                    0.01
                ]
            ],
            "confidence": 1.0,
            "source_map": "Warehouse",
            "timestamp": null,
            "descriptor": [
                1617.188562353795,
                -2235.064155601672,
                0.0,
                272.3602809577861
            ]
        },
        {
            "feature_id": "Rack_03",
            "feature_type": "rack",
            "position": [
                2282.459879622394,
                -2237.0615185066763,
                0.0
            ],
            "radius": 278.11728813941744,
            "orientation": null,
            "scale": 1.0,
            "covariance": [
                [
                    0.01,
                    0.0,
                    0.0
                ],
                [
                    0.0,
                    0.01,
                    0.0
                ],
                [
                    0.0,
                    0.0,
                    0.01
                ]
            ],
            "confidence": 1.0,
            "source_map": "Warehouse",
            "timestamp": null,
            "descriptor": [
                2282.459879622394,
                -2237.0615185066763,
                0.0,
                278.11728813941744
            ]
        },
        {
            "feature_id": "Rack_04",
            "feature_type": "rack",
            "position": [
                951.8711184975673,
                2230.3376410234396,
                0.0
            ],
            "radius": 263.6653033637424,
            "orientation": null,
            "scale": 1.0,
            "covariance": [
                [
                    0.01,
                    0.0,
                    0.0
                ],
                [
                    0.0,
                    0.01,
                    0.0
                ],
                [
                    0.0,
                    0.0,
                    0.01
                ]
            ],
            "confidence": 1.0,
            "source_map": "Warehouse",
            "timestamp": null,
            "descriptor": [
                951.8711184975673,
                2230.3376410234396,
                0.0,
                263.6653033637424
            ]
        },
        {
            "feature_id": "Rack_05",
            "feature_type": "rack",